{"cameraMode":{"drawMode":0,"name":"Shaded","section":"Shading Mode"},"sceneLighting":false,"audioPlay":false,"sceneViewState":{"showFog":true,"showMaterialUpdate":false,"showSkybox":true,"showFlares":true,"showImageEffects":true,"showParticleSystems":true},"in2DMode":false,"pivot":{"x":15.613265037536621,"y":1.6468749046325684,"z":9.454275131225586},"rotation":{"x":0.20095446705818177,"y":0.1700613796710968,"z":-0.035447858273983,"w":0.9640762209892273},"size":16.090660095214845,"orthographic":false}